producto,categoria,precio,cantidad,fecha,vendedor
Teclado mecánico RGB,Periféricos,1299,1,2026-06-01,Andrea
SSD NVMe 1TB,PC Gamer,1599,2,2026-06-01,Ricardo
Tarjeta Steam $500,Tarjetas digitales,500,4,2026-06-02,Ricardo
Webcam Full HD,Streaming,999,1,2026-06-02,Fernanda
Webcam Full HD,Streaming,999,2,2026-06-02,Héctor
Micrófono USB condensador,Streaming,1499,1,2026-06-02,Ricardo
Mousepad XL,Periféricos,299,2,2026-06-03,Ricardo
PC Torre Ryzen 5,PC Gamer,17999,1,2026-06-04,Héctor
Mousepad XL,Periféricos,299,3,2026-06-04,Héctor
Mousepad XL,Periféricos,299,1,2026-06-05,Andrea
Mouse gamer 16000 DPI,Periféricos,699,3,2026-06-06,Ricardo
Mousepad XL,Periféricos,299,2,2026-06-06,Andrea
Mouse gamer 16000 DPI,Periféricos,699,3,2026-06-07,Fernanda
"Monitor 27"" 144Hz",PC Gamer,4599,2,2026-06-07,Fernanda
Tarjeta Steam $500,Tarjetas digitales,500,2,2026-06-07,Fernanda
Tarjeta Nintendo eShop $300,Tarjetas digitales,300,3,2026-06-08,Ricardo
Xbox Game Pass 3 meses,Tarjetas digitales,799,3,2026-06-09,Fernanda
Aro de luz,Streaming,449,1,2026-06-09,Héctor
Micrófono USB condensador,Streaming,1499,2,2026-06-10,Andrea
"Monitor 27"" 144Hz",PC Gamer,4599,1,2026-06-10,Ricardo
Aro de luz,Streaming,449,3,2026-06-10,Fernanda
Webcam Full HD,Streaming,999,1,2026-06-11,Ricardo
Capturadora HDMI,Streaming,2199,2,2026-06-11,Fernanda
Tarjeta Nintendo eShop $300,Tarjetas digitales,300,3,2026-06-12,Fernanda
Tarjeta Nintendo eShop $300,Tarjetas digitales,300,3,2026-06-12,Héctor
Mouse gamer 16000 DPI,Periféricos,699,2,2026-06-12,Héctor
Webcam Full HD,Streaming,999,1,2026-06-13,Ricardo
Mouse gamer 16000 DPI,Periféricos,699,1,2026-06-13,Fernanda
Capturadora HDMI,Streaming,2199,2,2026-06-13,Ricardo
Tarjeta Nintendo eShop $300,Tarjetas digitales,300,1,2026-06-13,Ricardo
Xbox Game Pass 3 meses,Tarjetas digitales,799,3,2026-06-14,Fernanda
Aro de luz,Streaming,449,1,2026-06-14,Andrea
SSD NVMe 1TB,PC Gamer,1599,3,2026-06-15,Héctor
Teclado mecánico RGB,Periféricos,1299,3,2026-06-16,Andrea
Micrófono USB condensador,Streaming,1499,2,2026-06-16,Fernanda
Micrófono USB condensador,Streaming,1499,1,2026-06-17,Héctor
Mousepad XL,Periféricos,299,2,2026-06-17,Héctor
Tarjeta Steam $500,Tarjetas digitales,500,1,2026-06-18,Andrea
Mousepad XL,Periféricos,299,1,2026-06-18,Héctor
Webcam Full HD,Streaming,999,1,2026-06-18,Fernanda
Tarjeta Nintendo eShop $300,Tarjetas digitales,300,1,2026-06-18,Héctor
Xbox Game Pass 3 meses,Tarjetas digitales,799,1,2026-06-19,Ricardo
Tarjeta Nintendo eShop $300,Tarjetas digitales,300,4,2026-06-19,Ricardo
Mousepad XL,Periféricos,299,1,2026-06-21,Ricardo
Webcam Full HD,Streaming,999,2,2026-06-21,Ricardo
Mouse gamer 16000 DPI,Periféricos,699,3,2026-06-22,Héctor
Aro de luz,Streaming,449,1,2026-06-22,Fernanda
SSD NVMe 1TB,PC Gamer,1599,3,2026-06-22,Fernanda
PC Torre Ryzen 5,PC Gamer,17999,1,2026-06-22,Andrea
Tarjeta Nintendo eShop $300,Tarjetas digitales,300,4,2026-06-23,Ricardo
Mouse gamer 16000 DPI,Periféricos,699,1,2026-06-23,Ricardo
Tarjeta PlayStation $500,Tarjetas digitales,500,2,2026-06-23,Fernanda
Tarjeta Steam $500,Tarjetas digitales,500,3,2026-06-25,Héctor
Tarjeta PlayStation $500,Tarjetas digitales,500,3,2026-06-25,Héctor
SSD NVMe 1TB,PC Gamer,1599,2,2026-06-25,Héctor
SSD NVMe 1TB,PC Gamer,1599,1,2026-06-25,Ricardo
Mouse gamer 16000 DPI,Periféricos,699,1,2026-06-26,Héctor
"Monitor 27"" 144Hz",PC Gamer,4599,1,2026-06-26,Andrea
Xbox Game Pass 3 meses,Tarjetas digitales,799,3,2026-06-26,Ricardo
Tarjeta Steam $500,Tarjetas digitales,500,1,2026-06-27,Fernanda
Tarjeta Steam $500,Tarjetas digitales,500,3,2026-06-28,Fernanda
Aro de luz,Streaming,449,2,2026-06-28,Andrea
Mousepad XL,Periféricos,299,1,2026-06-28,Andrea
Silla gamer ergonómica,Periféricos,3799,1,2026-06-30,Héctor
Tarjeta Steam $500,Tarjetas digitales,500,1,2026-07-01,Ricardo
Webcam Full HD,Streaming,999,1,2026-07-01,Fernanda
Aro de luz,Streaming,449,1,2026-07-01,Ricardo
Xbox Game Pass 3 meses,Tarjetas digitales,799,1,2026-07-02,Andrea
Aro de luz,Streaming,449,2,2026-07-02,Ricardo
Tarjeta Steam $500,Tarjetas digitales,500,4,2026-07-02,Fernanda
Mousepad XL,Periféricos,299,3,2026-07-02,Andrea
Tarjeta Nintendo eShop $300,Tarjetas digitales,300,3,2026-07-02,Andrea
Tarjeta Steam $500,Tarjetas digitales,500,3,2026-07-03,Andrea
SSD NVMe 1TB,PC Gamer,1599,3,2026-07-03,Héctor
PC Torre Ryzen 5,PC Gamer,17999,1,2026-07-03,Héctor
Webcam Full HD,Streaming,999,1,2026-07-03,Ricardo
Tarjeta Nintendo eShop $300,Tarjetas digitales,300,2,2026-07-03,Fernanda
Tarjeta Steam $500,Tarjetas digitales,500,3,2026-07-04,Héctor
Tarjeta Steam $500,Tarjetas digitales,500,1,2026-07-05,Ricardo
SSD NVMe 1TB,PC Gamer,1599,1,2026-07-05,Héctor
Mousepad XL,Periféricos,299,3,2026-07-06,Fernanda
Silla gamer ergonómica,Periféricos,3799,1,2026-07-06,Ricardo
Mousepad XL,Periféricos,299,2,2026-07-06,Ricardo
Audífonos 7.1,Periféricos,1199,1,2026-07-07,Fernanda
Xbox Game Pass 3 meses,Tarjetas digitales,799,3,2026-07-07,Fernanda
Tarjeta PlayStation $500,Tarjetas digitales,500,2,2026-07-07,Fernanda
Tarjeta Steam $500,Tarjetas digitales,500,1,2026-07-07,Andrea
Mousepad XL,Periféricos,299,4,2026-07-08,Fernanda
Teclado mecánico RGB,Periféricos,1299,3,2026-07-08,Héctor
SSD NVMe 1TB,PC Gamer,1599,3,2026-07-09,Fernanda
Tarjeta PlayStation $500,Tarjetas digitales,500,4,2026-07-10,Héctor
Capturadora HDMI,Streaming,2199,2,2026-07-10,Fernanda
Mouse gamer 16000 DPI,Periféricos,699,3,2026-07-10,Fernanda
Silla gamer ergonómica,Periféricos,3799,1,2026-07-12,Héctor
Audífonos 7.1,Periféricos,1199,3,2026-07-12,Fernanda
Mousepad XL,Periféricos,299,1,2026-07-12,Ricardo
SSD NVMe 1TB,PC Gamer,1599,1,2026-07-12,Andrea
Tarjeta Steam $500,Tarjetas digitales,500,2,2026-07-12,Andrea
Audífonos 7.1,Periféricos,1199,1,2026-07-13,Ricardo
Audífonos 7.1,Periféricos,1199,2,2026-07-13,Ricardo
Xbox Game Pass 3 meses,Tarjetas digitales,799,3,2026-07-13,Héctor
SSD NVMe 1TB,PC Gamer,1599,2,2026-07-14,Ricardo
Tarjeta PlayStation $500,Tarjetas digitales,500,2,2026-07-14,Andrea
Teclado mecánico RGB,Periféricos,1299,3,2026-07-14,Fernanda
Tarjeta PlayStation $500,Tarjetas digitales,500,1,2026-07-14,Ricardo
SSD NVMe 1TB,PC Gamer,1599,2,2026-07-15,Fernanda
Aro de luz,Streaming,449,1,2026-07-15,Héctor
Mouse gamer 16000 DPI,Periféricos,699,1,2026-07-16,Fernanda
Webcam Full HD,Streaming,999,2,2026-07-16,Héctor
Mousepad XL,Periféricos,299,2,2026-07-16,Andrea
SSD NVMe 1TB,PC Gamer,1599,3,2026-07-16,Héctor
"Monitor 27"" 144Hz",PC Gamer,4599,2,2026-07-16,Héctor
Mouse gamer 16000 DPI,Periféricos,699,3,2026-07-17,Ricardo
Teclado mecánico RGB,Periféricos,1299,3,2026-07-17,Ricardo
Tarjeta Steam $500,Tarjetas digitales,500,1,2026-07-18,Fernanda
Mousepad XL,Periféricos,299,3,2026-07-18,Andrea
Mousepad XL,Periféricos,299,3,2026-07-19,Héctor
Tarjeta PlayStation $500,Tarjetas digitales,500,4,2026-07-20,Ricardo
Tarjeta Steam $500,Tarjetas digitales,500,1,2026-07-20,Ricardo
Micrófono USB condensador,Streaming,1499,2,2026-07-21,Héctor
Tarjeta PlayStation $500,Tarjetas digitales,500,1,2026-07-21,Andrea
Xbox Game Pass 3 meses,Tarjetas digitales,799,3,2026-07-21,Fernanda
Micrófono USB condensador,Streaming,1499,2,2026-07-21,Andrea
Audífonos 7.1,Periféricos,1199,1,2026-07-22,Ricardo
Mousepad XL,Periféricos,299,3,2026-07-22,Fernanda
SSD NVMe 1TB,PC Gamer,1599,3,2026-07-22,Andrea
Mousepad XL,Periféricos,299,1,2026-07-23,Andrea
Tarjeta PlayStation $500,Tarjetas digitales,500,4,2026-07-24,Fernanda
Laptop Gamer RTX 4060,PC Gamer,24999,1,2026-07-24,Ricardo
Tarjeta Steam $500,Tarjetas digitales,500,4,2026-07-24,Andrea
Laptop Gamer RTX 4060,PC Gamer,24999,1,2026-07-25,Andrea
Tarjeta PlayStation $500,Tarjetas digitales,500,1,2026-07-25,Fernanda
Capturadora HDMI,Streaming,2199,1,2026-07-25,Ricardo
SSD NVMe 1TB,PC Gamer,1599,1,2026-07-26,Fernanda
Tarjeta Steam $500,Tarjetas digitales,500,4,2026-07-27,Fernanda
Mousepad XL,Periféricos,299,3,2026-07-28,Héctor
Tarjeta PlayStation $500,Tarjetas digitales,500,3,2026-07-28,Ricardo
Audífonos 7.1,Periféricos,1199,2,2026-07-28,Andrea
Tarjeta Nintendo eShop $300,Tarjetas digitales,300,2,2026-07-29,Héctor
Laptop Gamer RTX 4060,PC Gamer,24999,1,2026-07-29,Fernanda
Audífonos 7.1,Periféricos,1199,3,2026-07-29,Andrea
SSD NVMe 1TB,PC Gamer,1599,1,2026-07-30,Héctor
Mouse gamer 16000 DPI,Periféricos,699,2,2026-07-30,Andrea
Tarjeta PlayStation $500,Tarjetas digitales,500,4,2026-07-31,Ricardo
Tarjeta PlayStation $500,Tarjetas digitales,500,1,2026-07-31,Fernanda
Tarjeta Nintendo eShop $300,Tarjetas digitales,300,4,2026-07-31,Héctor
SSD NVMe 1TB,PC Gamer,1599,1,2026-08-01,Andrea
Mousepad XL,Periféricos,299,3,2026-08-02,Andrea
Capturadora HDMI,Streaming,2199,1,2026-08-02,Andrea
Mousepad XL,Periféricos,299,3,2026-08-03,Fernanda
Silla gamer ergonómica,Periféricos,3799,1,2026-08-04,Ricardo
Tarjeta Nintendo eShop $300,Tarjetas digitales,300,3,2026-08-04,Fernanda
Tarjeta Nintendo eShop $300,Tarjetas digitales,300,4,2026-08-05,Andrea
Webcam Full HD,Streaming,999,2,2026-08-06,Héctor
Mousepad XL,Periféricos,299,2,2026-08-07,Fernanda
Silla gamer ergonómica,Periféricos,3799,2,2026-08-07,Andrea
"Monitor 27"" 144Hz",PC Gamer,4599,1,2026-08-07,Ricardo
Tarjeta Steam $500,Tarjetas digitales,500,3,2026-08-07,Héctor
Xbox Game Pass 3 meses,Tarjetas digitales,799,1,2026-08-07,Héctor
Capturadora HDMI,Streaming,2199,1,2026-08-08,Fernanda
Teclado mecánico RGB,Periféricos,1299,1,2026-08-08,Ricardo
Teclado mecánico RGB,Periféricos,1299,1,2026-08-09,Héctor
Micrófono USB condensador,Streaming,1499,1,2026-08-09,Fernanda
SSD NVMe 1TB,PC Gamer,1599,3,2026-08-09,Andrea
Micrófono USB condensador,Streaming,1499,2,2026-08-10,Héctor
Mouse gamer 16000 DPI,Periféricos,699,1,2026-08-11,Héctor
Xbox Game Pass 3 meses,Tarjetas digitales,799,2,2026-08-13,Andrea
SSD NVMe 1TB,PC Gamer,1599,1,2026-08-13,Andrea
SSD NVMe 1TB,PC Gamer,1599,1,2026-08-13,Fernanda
Mouse gamer 16000 DPI,Periféricos,699,3,2026-08-14,Andrea
Tarjeta PlayStation $500,Tarjetas digitales,500,1,2026-08-14,Fernanda
Laptop Gamer RTX 4060,PC Gamer,24999,1,2026-08-14,Héctor
Aro de luz,Streaming,449,2,2026-08-14,Héctor
Xbox Game Pass 3 meses,Tarjetas digitales,799,3,2026-08-15,Ricardo
"Monitor 27"" 144Hz",PC Gamer,4599,1,2026-08-15,Andrea
Silla gamer ergonómica,Periféricos,3799,2,2026-08-16,Andrea
"Monitor 27"" 144Hz",PC Gamer,4599,1,2026-08-16,Héctor
"Monitor 27"" 144Hz",PC Gamer,4599,2,2026-08-17,Héctor
Xbox Game Pass 3 meses,Tarjetas digitales,799,2,2026-08-17,Fernanda
Silla gamer ergonómica,Periféricos,3799,2,2026-08-17,Héctor
Webcam Full HD,Streaming,999,1,2026-08-17,Héctor
Teclado mecánico RGB,Periféricos,1299,3,2026-08-17,Fernanda
PC Torre Ryzen 5,PC Gamer,17999,1,2026-08-18,Fernanda
Xbox Game Pass 3 meses,Tarjetas digitales,799,3,2026-08-18,Fernanda
Mousepad XL,Periféricos,299,2,2026-08-19,Andrea
SSD NVMe 1TB,PC Gamer,1599,3,2026-08-19,Héctor
Aro de luz,Streaming,449,1,2026-08-19,Ricardo
Teclado mecánico RGB,Periféricos,1299,2,2026-08-20,Andrea
Teclado mecánico RGB,Periféricos,1299,3,2026-08-20,Fernanda
Aro de luz,Streaming,449,3,2026-08-20,Ricardo
SSD NVMe 1TB,PC Gamer,1599,3,2026-08-21,Ricardo
Capturadora HDMI,Streaming,2199,1,2026-08-23,Ricardo
Audífonos 7.1,Periféricos,1199,3,2026-08-23,Fernanda
Mousepad XL,Periféricos,299,4,2026-08-24,Ricardo
Xbox Game Pass 3 meses,Tarjetas digitales,799,2,2026-08-24,Andrea
"Monitor 27"" 144Hz",PC Gamer,4599,1,2026-08-25,Ricardo
SSD NVMe 1TB,PC Gamer,1599,3,2026-08-25,Ricardo
"Monitor 27"" 144Hz",PC Gamer,4599,1,2026-08-26,Fernanda
Tarjeta Steam $500,Tarjetas digitales,500,4,2026-08-27,Ricardo
Tarjeta Nintendo eShop $300,Tarjetas digitales,300,2,2026-08-27,Ricardo
Mouse gamer 16000 DPI,Periféricos,699,2,2026-08-27,Andrea
Audífonos 7.1,Periféricos,1199,2,2026-08-28,Ricardo
Tarjeta Steam $500,Tarjetas digitales,500,1,2026-08-29,Héctor
Teclado mecánico RGB,Periféricos,1299,3,2026-08-29,Fernanda
Aro de luz,Streaming,449,1,2026-08-30,Fernanda
Micrófono USB condensador,Streaming,1499,1,2026-08-30,Fernanda
Mousepad XL,Periféricos,299,2,2026-08-30,Andrea
Xbox Game Pass 3 meses,Tarjetas digitales,799,3,2026-08-31,Ricardo
Tarjeta Steam $500,Tarjetas digitales,500,1,2026-08-31,Fernanda
Mouse gamer 16000 DPI,Periféricos,699,2,2026-09-01,Ricardo
Teclado mecánico RGB,Periféricos,1299,3,2026-09-01,Héctor
Xbox Game Pass 3 meses,Tarjetas digitales,799,3,2026-09-02,Ricardo
Xbox Game Pass 3 meses,Tarjetas digitales,799,2,2026-09-02,Héctor
Laptop Gamer RTX 4060,PC Gamer,24999,1,2026-09-02,Fernanda
Mousepad XL,Periféricos,299,2,2026-09-04,Héctor
Tarjeta Steam $500,Tarjetas digitales,500,4,2026-09-04,Andrea
Tarjeta Steam $500,Tarjetas digitales,500,4,2026-09-05,Ricardo
Aro de luz,Streaming,449,2,2026-09-05,Fernanda
Mouse gamer 16000 DPI,Periféricos,699,3,2026-09-05,Héctor
Webcam Full HD,Streaming,999,2,2026-09-06,Héctor
Audífonos 7.1,Periféricos,1199,3,2026-09-06,Fernanda
Tarjeta PlayStation $500,Tarjetas digitales,500,1,2026-09-07,Héctor
Tarjeta PlayStation $500,Tarjetas digitales,500,2,2026-09-08,Andrea
"Monitor 27"" 144Hz",PC Gamer,4599,2,2026-09-08,Héctor
Mousepad XL,Periféricos,299,4,2026-09-08,Ricardo
Teclado mecánico RGB,Periféricos,1299,1,2026-09-10,Fernanda
Tarjeta Nintendo eShop $300,Tarjetas digitales,300,2,2026-09-11,Ricardo
Aro de luz,Streaming,449,1,2026-09-12,Andrea
Mouse gamer 16000 DPI,Periféricos,699,1,2026-09-13,Héctor
Tarjeta Steam $500,Tarjetas digitales,500,3,2026-09-13,Andrea
Mousepad XL,Periféricos,299,4,2026-09-14,Ricardo
Tarjeta PlayStation $500,Tarjetas digitales,500,1,2026-09-14,Andrea
"Monitor 27"" 144Hz",PC Gamer,4599,1,2026-09-14,Ricardo
Mousepad XL,Periféricos,299,1,2026-09-14,Andrea
Audífonos 7.1,Periféricos,1199,2,2026-09-14,Fernanda
Tarjeta Steam $500,Tarjetas digitales,500,3,2026-09-14,Andrea
Xbox Game Pass 3 meses,Tarjetas digitales,799,3,2026-09-15,Fernanda
SSD NVMe 1TB,PC Gamer,1599,1,2026-09-15,Fernanda
Audífonos 7.1,Periféricos,1199,2,2026-09-15,Ricardo
Micrófono USB condensador,Streaming,1499,1,2026-09-16,Fernanda
Aro de luz,Streaming,449,3,2026-09-17,Andrea
Aro de luz,Streaming,449,3,2026-09-17,Héctor
Teclado mecánico RGB,Periféricos,1299,3,2026-09-17,Fernanda
Mousepad XL,Periféricos,299,2,2026-09-18,Andrea
SSD NVMe 1TB,PC Gamer,1599,2,2026-09-18,Héctor
Mouse gamer 16000 DPI,Periféricos,699,2,2026-09-21,Ricardo
Tarjeta PlayStation $500,Tarjetas digitales,500,4,2026-09-21,Andrea
Mousepad XL,Periféricos,299,2,2026-09-22,Andrea
Audífonos 7.1,Periféricos,1199,1,2026-09-22,Fernanda
Mousepad XL,Periféricos,299,1,2026-09-22,Fernanda
Aro de luz,Streaming,449,2,2026-09-22,Fernanda
Teclado mecánico RGB,Periféricos,1299,2,2026-09-24,Andrea
Webcam Full HD,Streaming,999,1,2026-09-25,Andrea
Tarjeta Steam $500,Tarjetas digitales,500,4,2026-09-26,Héctor
Mouse gamer 16000 DPI,Periféricos,699,2,2026-09-26,Héctor
Teclado mecánico RGB,Periféricos,1299,1,2026-09-26,Fernanda
Silla gamer ergonómica,Periféricos,3799,1,2026-09-27,Héctor
Aro de luz,Streaming,449,2,2026-09-28,Andrea
Mousepad XL,Periféricos,299,3,2026-09-28,Andrea
Mousepad XL,Periféricos,299,3,2026-09-28,Ricardo
